{
    "dataDefinitions": {

      "attendance_id": {
        "type": "DataTypes.INTEGER",
        "primaryKey": true,
        "autoIncrement": true,
        "allowNull": false
      },
      
      "employees_id": {
        "type": "DataTypes.STRING",
        "allowNull": false
      },
      
      "in_time": {
        "type": "DataTypes.STRING",
        "allowNull": false
      },

      "out_time":{
        "type":"DataTypes.STRING",
        "allowNull":true
      },
      
      "active": {
        "type": "DataTypes.INTEGER",
        "allowNull": false
      },
      "createdBy": {
        "type": "DataTypes.INTEGER",
        "allowNull": true
      },
      "updatedBy": {
        "type": "DataTypes.INTEGER",
        "allowNull": true
      }
      
    },
    "list": {
      "tableInfo": {
        "type": "table",
        "name": "attendance",
        "baseQuery": "select * from attendance",
        "whereClause": "attendance_id",
        "order": "desc"
      }
    },
    "detail": {
      "tableInfo": {
        "type": "table",
        "name": "attendance",
        "baseQuery": "select * from attendance",
        "whereClause": "attendance_id",
        "order": "desc"
      }
    }
  }