{
    "dataDefinitions": {

      "employees_id": {
        "type": "DataTypes.INTEGER",
        "primaryKey": true,
        "autoIncrement": true,
        "allowNull": false
      },
      
      "first_name": {
        "type": "DataTypes.STRING",
        "allowNull": false
      },
      
      "last_name": {
        "type": "DataTypes.STRING",
        "allowNull": false
      },

      "email":{
        "type":"DataTypes.STRING",
        "allowNull":false
      },

      "password": {
        "type": "DataTypes.STRING",
        "allowNull": false
      },

      "phone_number": {
        "type": "DataTypes.STRING",
        "allowNull": false
      },
      "address": {
        "type": "DataTypes.STRING",
        "allowNull": false
      },
      "department": {
        "type": "DataTypes.STRING",
        "allowNull": false
      },
      "active": {
        "type": "DataTypes.INTEGER",
        "allowNull": false
      },
      "in_out": {
        "type": "DataTypes.INTEGER",
        "allowNull": false
      },
      "createdBy": {
        "type": "DataTypes.INTEGER",
        "allowNull": false
      },
      "updatedBy": {
        "type": "DataTypes.INTEGER",
        "allowNull": true
      }
      
    },
    "list": {
      "tableInfo": {
        "type": "table",
        "name": "employees",
        "baseQuery": "select * from employees",
        "whereClause": "employees_id",
        "order": "desc"
      }
    },
    "detail": {
      "tableInfo": {
        "type": "table",
        "name": "employees",
        "baseQuery": "select * from employees",
        "whereClause": "employees_id",
        "order": "desc"
      }
    }
  }