{
    "dataDefinitions": {

      "leave_id": {
        "type": "DataTypes.INTEGER",
        "primaryKey": true,
        "autoIncrement": true,
        "allowNull": false
      },
      
      "employees_id": {
        "type": "DataTypes.STRING",
        "allowNull": false
      },
      
      "type": {
        "type": "DataTypes.STRING",
        "allowNull": false
      },

      "reasons":{
        "type":"DataTypes.STRING",
        "allowNull":false
      },

      "from_date": {
        "type": "DataTypes.STRING",
        "allowNull": false
      },

      "to_date": {
        "type": "DataTypes.STRING",
        "allowNull": false
      },
      
      "active": {
        "type": "DataTypes.INTEGER",
        "allowNull": false
      },
      "createdBy": {
        "type": "DataTypes.INTEGER",
        "allowNull": false
      },
      "updatedBy": {
        "type": "DataTypes.INTEGER",
        "allowNull": true
      }
      
    },
    "list": {
      "tableInfo": {
        "type": "table",
        "name": "empleave",
        "baseQuery": "select * from empleave",
        "whereClause": "leave_id",
        "order": "desc"
      }
    },
    "detail": {
      "tableInfo": {
        "type": "table",
        "name": "empleave",
        "baseQuery": "select * from empleave",
        "whereClause": "leave_id",
        "order": "desc"
      }
    }
  }